{"v":"5.1.18","fr":29.9700012207031,"ip":0,"op":74.0000030140818,"w":400,"h":400,"nm":"Comp 1","ddd":0,"assets":[],"layers":[{"ddd":0,"ind":1,"ty":4,"nm":"loading book Outlines","sr":1,"ks":{"o":{"a":0,"k":100,"ix":11},"r":{"a":0,"k":0,"ix":10},"p":{"a":0,"k":[200,200,0],"ix":2},"a":{"a":0,"k":[250,250,0],"ix":1},"s":{"a":0,"k":[100,100,100],"ix":6}},"ao":0,"shapes":[{"ty":"gr","it":[{"ind":0,"ty":"sh","ix":1,"ks":{"a":0,"k":{"i":[[0,0],[9.416,-9.416],[0,0],[0,0],[-8.402,8.402],[0,0]],"o":[[0,0],[-8.402,8.402],[0,0],[0,0],[7.967,-7.967],[0,0]],"v":[[-3.259,-25.495],[-17.6,-14.631],[-24.988,-3.766],[4.273,25.495],[11.661,14.631],[26.003,3.767]],"c":true},"ix":2},"nm":"Path 1","mn":"ADBE Vector Shape - Group","hd":false},{"ind":1,"ty":"sh","ix":2,"ks":{"a":0,"k":{"i":[[-1.996,1.109],[0,0],[4.631,-4.632],[1.383,-2.182],[0,0],[-4.217,4.217]],"o":[[0,0],[-2.789,1.768],[-2.884,2.884],[0,0],[0.536,-1.124],[5.673,-5.674]],"v":[[-3.897,-21.891],[21.096,3.104],[9.54,12.51],[3.135,20.114],[-21.741,-4.762],[-15.479,-12.509]],"c":true},"ix":2},"nm":"Path 2","mn":"ADBE Vector Shape - Group","hd":false},{"ty":"mm","mm":1,"nm":"Merge Paths 1","mn":"ADBE Vector Filter - Merge","hd":false},{"ty":"fl","c":{"a":0,"k":[1,1,1,1],"ix":4},"o":{"a":0,"k":100,"ix":5},"r":1,"nm":"Fill 1","mn":"ADBE Vector Graphic - Fill","hd":false},{"ty":"tr","p":{"a":1,"k":[{"i":{"x":0.833,"y":0.833},"o":{"x":0.167,"y":0.167},"n":"0p833_0p833_0p167_0p167","t":28,"s":[292.362,182.369],"e":[285.362,325.369],"to":[-1.16666662693024,23.8333339691162],"ti":[1.16666662693024,-23.8333339691162]},{"t":60.0000024438501}],"ix":2},"a":{"a":0,"k":[0,0],"ix":1},"s":{"a":0,"k":[100,100],"ix":3},"r":{"a":1,"k":[{"i":{"x":[0.833],"y":[0.833]},"o":{"x":[0.167],"y":[0.167]},"n":["0p833_0p833_0p167_0p167"],"t":28,"s":[12.964],"e":[73.655]},{"t":60.0000024438501}],"ix":6},"o":{"a":1,"k":[{"i":{"x":[0.833],"y":[0.833]},"o":{"x":[0.167],"y":[0.167]},"n":["0p833_0p833_0p167_0p167"],"t":28,"s":[0],"e":[100]},{"i":{"x":[0.833],"y":[0.833]},"o":{"x":[0.167],"y":[0.167]},"n":["0p833_0p833_0p167_0p167"],"t":32,"s":[100],"e":[100]},{"i":{"x":[0.833],"y":[0.833]},"o":{"x":[0.167],"y":[0.167]},"n":["0p833_0p833_0p167_0p167"],"t":56,"s":[100],"e":[0]},{"t":60.0000024438501}],"ix":7},"sk":{"a":0,"k":0,"ix":4},"sa":{"a":0,"k":0,"ix":5},"nm":"Transform"}],"nm":"Page","np":4,"cix":2,"ix":1,"mn":"ADBE Vector Group","hd":false},{"ty":"gr","it":[{"ind":0,"ty":"sh","ix":1,"ks":{"a":0,"k":{"i":[[0,0],[9.416,-9.416],[0,0],[0,0],[-8.402,8.402],[0,0]],"o":[[0,0],[-8.402,8.402],[0,0],[0,0],[7.967,-7.967],[0,0]],"v":[[-3.259,-25.495],[-17.6,-14.631],[-24.988,-3.766],[4.273,25.495],[11.661,14.631],[26.003,3.767]],"c":true},"ix":2},"nm":"Path 1","mn":"ADBE Vector Shape - Group","hd":false},{"ind":1,"ty":"sh","ix":2,"ks":{"a":0,"k":{"i":[[-1.996,1.109],[0,0],[4.631,-4.632],[1.383,-2.182],[0,0],[-4.217,4.217]],"o":[[0,0],[-2.789,1.768],[-2.884,2.884],[0,0],[0.536,-1.124],[5.673,-5.674]],"v":[[-3.897,-21.891],[21.096,3.104],[9.54,12.51],[3.135,20.114],[-21.741,-4.762],[-15.479,-12.509]],"c":true},"ix":2},"nm":"Path 2","mn":"ADBE Vector Shape - Group","hd":false},{"ty":"mm","mm":1,"nm":"Merge Paths 1","mn":"ADBE Vector Filter - Merge","hd":false},{"ty":"fl","c":{"a":0,"k":[1,1,1,1],"ix":4},"o":{"a":0,"k":100,"ix":5},"r":1,"nm":"Fill 1","mn":"ADBE Vector Graphic - Fill","hd":false},{"ty":"tr","p":{"a":1,"k":[{"i":{"x":0.833,"y":0.833},"o":{"x":0.167,"y":0.167},"n":"0p833_0p833_0p167_0p167","t":0,"s":[218.862,182.369],"e":[218.862,325.369],"to":[0,23.8333339691162],"ti":[0,-23.8333339691162]},{"t":32.0000013033867}],"ix":2},"a":{"a":0,"k":[0,0],"ix":1},"s":{"a":0,"k":[100,100],"ix":3},"r":{"a":1,"k":[{"i":{"x":[0.833],"y":[0.833]},"o":{"x":[0.167],"y":[0.167]},"n":["0p833_0p833_0p167_0p167"],"t":0,"s":[79.877],"e":[29.666]},{"t":32.0000013033867}],"ix":6},"o":{"a":1,"k":[{"i":{"x":[0.833],"y":[0.833]},"o":{"x":[0.167],"y":[0.167]},"n":["0p833_0p833_0p167_0p167"],"t":0,"s":[0],"e":[100]},{"i":{"x":[0.833],"y":[0.833]},"o":{"x":[0.167],"y":[0.167]},"n":["0p833_0p833_0p167_0p167"],"t":4,"s":[100],"e":[100]},{"i":{"x":[0.833],"y":[0.833]},"o":{"x":[0.167],"y":[0.167]},"n":["0p833_0p833_0p167_0p167"],"t":28,"s":[100],"e":[0]},{"t":32.0000013033867}],"ix":7},"sk":{"a":0,"k":0,"ix":4},"sa":{"a":0,"k":0,"ix":5},"nm":"Transform"}],"nm":"Page 2","np":4,"cix":2,"ix":2,"mn":"ADBE Vector Group","hd":false},{"ty":"gr","it":[{"ind":0,"ty":"sh","ix":1,"ks":{"a":1,"k":[{"i":{"x":0.667,"y":1},"o":{"x":0.333,"y":0},"n":"0p667_1_0p333_0","t":58,"s":[{"i":[[28.154,0],[0,0],[0,0],[-25.122,0],[0,0],[0,0]],"o":[[-25.122,0],[0,0],[0,0],[23.823,0],[0,0],[0,0]],"v":[[-5.198,-46.346],[-32.486,-41.148],[-32.486,46.346],[-5.198,41.148],[32.486,46.346],[32.486,-41.148]],"c":true}],"e":[{"i":[[-28.087,0],[0,0],[0,0],[25.062,0],[0,0],[0,0]],"o":[[25.062,0],[0,0],[0,0],[-23.766,0],[0,0],[0,0]],"v":[[-59.709,-46.346],[-32.486,-41.148],[-32.486,46.346],[-59.709,41.148],[-97.302,46.346],[-97.302,-41.148]],"c":true}]},{"t":72.0000029326201}],"ix":2},"nm":"Path 1","mn":"ADBE Vector Shape - Group","hd":false},{"ind":1,"ty":"sh","ix":2,"ks":{"a":1,"k":[{"i":{"x":0.667,"y":1},"o":{"x":0.333,"y":0},"n":"0p667_1_0p333_0","t":58,"s":[{"i":[[-17.145,0],[-3.641,-1.312],[0,0],[16.883,0],[4.29,-1.56],[0,0]],"o":[[20.694,0],[0,0],[-5.846,-1.595],[-12.634,0],[0,0],[1.525,-0.958]],"v":[[-5.198,-43.346],[29.486,-39.153],[29.486,42.282],[-5.198,38.148],[-29.486,41.021],[-29.486,-39.895]],"c":true}],"e":[{"i":[[17.008,0],[3.612,-1.312],[0,0],[-16.748,0],[-4.256,-1.56],[0,0]],"o":[[-20.528,0],[0,0],[5.799,-1.595],[12.533,0],[0,0],[-1.513,-0.958]],"v":[[-59.896,-43.346],[-94.302,-39.153],[-94.302,42.282],[-59.896,38.148],[-35.802,41.021],[-35.802,-39.895]],"c":true}]},{"t":72.0000029326201}],"ix":2},"nm":"Path 2","mn":"ADBE Vector Shape - Group","hd":false},{"ty":"mm","mm":1,"nm":"Merge Paths 1","mn":"ADBE Vector Filter - Merge","hd":false},{"ty":"fl","c":{"a":0,"k":[1,1,1,1],"ix":4},"o":{"a":0,"k":100,"ix":5},"r":1,"nm":"Fill 1","mn":"ADBE Vector Graphic - Fill","hd":false},{"ty":"tr","p":{"a":0,"k":[282.052,350.001],"ix":2},"a":{"a":0,"k":[0,0],"ix":1},"s":{"a":0,"k":[100,100],"ix":3},"r":{"a":0,"k":0,"ix":6},"o":{"a":1,"k":[{"i":{"x":[0.833],"y":[0.833]},"o":{"x":[0.167],"y":[0.167]},"n":["0p833_0p833_0p167_0p167"],"t":57,"s":[0],"e":[100]},{"i":{"x":[0.833],"y":[0.833]},"o":{"x":[0.167],"y":[0.167]},"n":["0p833_0p833_0p167_0p167"],"t":58,"s":[100],"e":[100]},{"i":{"x":[0.833],"y":[0.833]},"o":{"x":[0.167],"y":[0.167]},"n":["0p833_0p833_0p167_0p167"],"t":72,"s":[100],"e":[0]},{"t":73.000002973351}],"ix":7},"sk":{"a":0,"k":0,"ix":4},"sa":{"a":0,"k":0,"ix":5},"nm":"Transform"}],"nm":"R-Page 3","np":4,"cix":2,"ix":3,"mn":"ADBE Vector Group","hd":false},{"ty":"gr","it":[{"ind":0,"ty":"sh","ix":1,"ks":{"a":1,"k":[{"i":{"x":0.667,"y":1},"o":{"x":0.333,"y":0},"n":"0p667_1_0p333_0","t":31,"s":[{"i":[[28.154,0],[0,0],[0,0],[-25.122,0],[0,0],[0,0]],"o":[[-25.122,0],[0,0],[0,0],[23.823,0],[0,0],[0,0]],"v":[[-5.198,-46.346],[-32.486,-41.148],[-32.486,46.346],[-5.198,41.148],[32.486,46.346],[32.486,-41.148]],"c":true}],"e":[{"i":[[-28.087,0],[0,0],[0,0],[25.062,0],[0,0],[0,0]],"o":[[25.062,0],[0,0],[0,0],[-23.766,0],[0,0],[0,0]],"v":[[-59.709,-46.346],[-32.486,-41.148],[-32.486,46.346],[-59.709,41.148],[-97.302,46.346],[-97.302,-41.148]],"c":true}]},{"t":45.0000018328876}],"ix":2},"nm":"Path 1","mn":"ADBE Vector Shape - Group","hd":false},{"ind":1,"ty":"sh","ix":2,"ks":{"a":1,"k":[{"i":{"x":0.667,"y":1},"o":{"x":0.333,"y":0},"n":"0p667_1_0p333_0","t":31,"s":[{"i":[[-17.145,0],[-3.641,-1.312],[0,0],[16.883,0],[4.29,-1.56],[0,0]],"o":[[20.694,0],[0,0],[-5.846,-1.595],[-12.634,0],[0,0],[1.525,-0.958]],"v":[[-5.198,-43.346],[29.486,-39.153],[29.486,42.282],[-5.198,38.148],[-29.486,41.021],[-29.486,-39.895]],"c":true}],"e":[{"i":[[17.008,0],[3.612,-1.312],[0,0],[-16.748,0],[-4.256,-1.56],[0,0]],"o":[[-20.528,0],[0,0],[5.799,-1.595],[12.533,0],[0,0],[-1.513,-0.958]],"v":[[-59.896,-43.346],[-94.302,-39.153],[-94.302,42.282],[-59.896,38.148],[-35.802,41.021],[-35.802,-39.895]],"c":true}]},{"t":45.0000018328876}],"ix":2},"nm":"Path 2","mn":"ADBE Vector Shape - Group","hd":false},{"ty":"mm","mm":1,"nm":"Merge Paths 1","mn":"ADBE Vector Filter - Merge","hd":false},{"ty":"fl","c":{"a":0,"k":[1,1,1,1],"ix":4},"o":{"a":0,"k":100,"ix":5},"r":1,"nm":"Fill 1","mn":"ADBE Vector Graphic - Fill","hd":false},{"ty":"tr","p":{"a":0,"k":[282.052,350.001],"ix":2},"a":{"a":0,"k":[0,0],"ix":1},"s":{"a":0,"k":[100,100],"ix":3},"r":{"a":0,"k":0,"ix":6},"o":{"a":1,"k":[{"i":{"x":[0.833],"y":[0.833]},"o":{"x":[0.167],"y":[0.167]},"n":["0p833_0p833_0p167_0p167"],"t":30,"s":[0],"e":[100]},{"i":{"x":[0.833],"y":[0.833]},"o":{"x":[0.167],"y":[0.167]},"n":["0p833_0p833_0p167_0p167"],"t":31,"s":[100],"e":[100]},{"i":{"x":[0.833],"y":[0.833]},"o":{"x":[0.167],"y":[0.167]},"n":["0p833_0p833_0p167_0p167"],"t":45,"s":[100],"e":[0]},{"t":46.0000018736184}],"ix":7},"sk":{"a":0,"k":0,"ix":4},"sa":{"a":0,"k":0,"ix":5},"nm":"Transform"}],"nm":"R-Page 2","np":4,"cix":2,"ix":4,"mn":"ADBE Vector Group","hd":false},{"ty":"gr","it":[{"ind":0,"ty":"sh","ix":1,"ks":{"a":0,"k":{"i":[[28.154,0],[0,0],[0,0],[-25.122,0],[0,0],[0,0]],"o":[[-25.122,0],[0,0],[0,0],[23.823,0],[0,0],[0,0]],"v":[[-5.198,-46.346],[-32.486,-41.148],[-32.486,46.346],[-5.198,41.148],[32.486,46.346],[32.486,-41.148]],"c":true},"ix":2},"nm":"Path 1","mn":"ADBE Vector Shape - Group","hd":false},{"ind":1,"ty":"sh","ix":2,"ks":{"a":0,"k":{"i":[[-17.145,0],[-3.641,-1.312],[0,0],[16.883,0],[4.29,-1.56],[0,0]],"o":[[20.694,0],[0,0],[-5.846,-1.595],[-12.634,0],[0,0],[1.525,-0.958]],"v":[[-5.198,-43.346],[29.486,-39.153],[29.486,42.282],[-5.198,38.148],[-29.486,41.021],[-29.486,-39.895]],"c":true},"ix":2},"nm":"Path 2","mn":"ADBE Vector Shape - Group","hd":false},{"ty":"mm","mm":1,"nm":"Merge Paths 1","mn":"ADBE Vector Filter - Merge","hd":false},{"ty":"fl","c":{"a":0,"k":[1,1,1,1],"ix":4},"o":{"a":0,"k":100,"ix":5},"r":1,"nm":"Fill 1","mn":"ADBE Vector Graphic - Fill","hd":false},{"ty":"tr","p":{"a":0,"k":[282.052,350.001],"ix":2},"a":{"a":0,"k":[0,0],"ix":1},"s":{"a":0,"k":[100,100],"ix":3},"r":{"a":0,"k":0,"ix":6},"o":{"a":0,"k":100,"ix":7},"sk":{"a":0,"k":0,"ix":4},"sa":{"a":0,"k":0,"ix":5},"nm":"Transform"}],"nm":"R-Page","np":4,"cix":2,"ix":5,"mn":"ADBE Vector Group","hd":false},{"ty":"gr","it":[{"ind":0,"ty":"sh","ix":1,"ks":{"a":0,"k":{"i":[[25.122,0],[0,0],[0,0],[-23.823,0],[0,0],[0,0]],"o":[[-28.154,0],[0,0],[0,0],[25.122,0],[0,0],[0,0]],"v":[[5.198,-46.346],[-32.486,-41.148],[-32.486,46.346],[5.198,41.148],[32.486,46.346],[32.486,-41.148]],"c":true},"ix":2},"nm":"Path 1","mn":"ADBE Vector Shape - Group","hd":false},{"ind":1,"ty":"sh","ix":2,"ks":{"a":0,"k":{"i":[[-20.675,0],[-1.526,-0.958],[0,0],[12.634,0],[5.846,-1.595],[0,0]],"o":[[17.145,0],[0,0],[-4.29,-1.56],[-16.882,0],[0,0],[3.661,-1.319]],"v":[[5.198,-43.346],[29.486,-39.895],[29.486,41.021],[5.198,38.148],[-29.486,42.282],[-29.486,-39.151]],"c":true},"ix":2},"nm":"Path 2","mn":"ADBE Vector Shape - Group","hd":false},{"ty":"mm","mm":1,"nm":"Merge Paths 1","mn":"ADBE Vector Filter - Merge","hd":false},{"ty":"fl","c":{"a":0,"k":[1,1,1,1],"ix":4},"o":{"a":0,"k":100,"ix":5},"r":1,"nm":"Fill 1","mn":"ADBE Vector Graphic - Fill","hd":false},{"ty":"tr","p":{"a":0,"k":[217.081,350.001],"ix":2},"a":{"a":0,"k":[0,0],"ix":1},"s":{"a":0,"k":[100,100],"ix":3},"r":{"a":0,"k":0,"ix":6},"o":{"a":0,"k":100,"ix":7},"sk":{"a":0,"k":0,"ix":4},"sa":{"a":0,"k":0,"ix":5},"nm":"Transform"}],"nm":"L-Page","np":4,"cix":2,"ix":6,"mn":"ADBE Vector Group","hd":false},{"ty":"gr","it":[{"ind":0,"ty":"sh","ix":1,"ks":{"a":0,"k":{"i":[[0,0],[0,0],[0,0],[0,0],[0,0],[0,0]],"o":[[0,0],[0,0],[0,0],[0,0],[0,0],[0,0]],"v":[[64.538,-45.263],[74.5,-45.263],[74.5,45.263],[-74.5,45.263],[-74.5,-45.263],[-65.404,-45.263]],"c":false},"ix":2},"nm":"Path 1","mn":"ADBE Vector Shape - Group","hd":false},{"ty":"st","c":{"a":0,"k":[1,1,1,1],"ix":3},"o":{"a":0,"k":100,"ix":4},"w":{"a":0,"k":3,"ix":5},"lc":1,"lj":1,"ml":10,"nm":"Stroke 1","mn":"ADBE Vector Graphic - Stroke","hd":false},{"ty":"tr","p":{"a":0,"k":[250,358.081],"ix":2},"a":{"a":0,"k":[0,0],"ix":1},"s":{"a":0,"k":[100,100],"ix":3},"r":{"a":0,"k":0,"ix":6},"o":{"a":0,"k":100,"ix":7},"sk":{"a":0,"k":0,"ix":4},"sa":{"a":0,"k":0,"ix":5},"nm":"Transform"}],"nm":"Cover","np":2,"cix":2,"ix":7,"mn":"ADBE Vector Group","hd":false},{"ty":"gr","it":[{"ind":0,"ty":"sh","ix":1,"ks":{"a":0,"k":{"i":[[18.184,2.339],[19.961,0],[6.909,-14.122],[5.398,0],[0,-23.473],[-23.472,0],[0,0],[-0.344,0.017],[-0.659,0],[0,20.434]],"o":[[-4.563,-18.552],[-16.781,0],[-4.75,-1.835],[-23.472,0],[0,23.472],[0,0],[0.35,0],[0.652,0.034],[20.435,0],[0,-18.82]],"v":[[52.513,-20.685],[11.25,-53],[-26.945,-29.149],[-42.25,-32],[-84.75,10.5],[-42.25,53],[44.75,53],[45.785,52.947],[47.75,53],[84.75,16]],"c":true},"ix":2},"nm":"Path 1","mn":"ADBE Vector Shape - Group","hd":false},{"ty":"st","c":{"a":0,"k":[1,1,1,1],"ix":3},"o":{"a":0,"k":100,"ix":4},"w":{"a":0,"k":3,"ix":5},"lc":1,"lj":1,"ml":10,"nm":"Stroke 1","mn":"ADBE Vector Graphic - Stroke","hd":false},{"ty":"tr","p":{"a":1,"k":[{"i":{"x":0.667,"y":1},"o":{"x":0.333,"y":0},"n":"0p667_1_0p333_0","t":0,"s":[250,144.373],"e":[250,126],"to":[0,-3.06207680702209],"ti":[0,6.48428226668329e-7]},{"i":{"x":0.833,"y":0.833},"o":{"x":0.333,"y":0},"n":"0p833_0p833_0p333_0","t":35,"s":[250,126],"e":[250,144.373],"to":[0,-6.48428226668329e-7],"ti":[0,-3.06207609176636]},{"t":73.000002973351}],"ix":2},"a":{"a":0,"k":[0,0],"ix":1},"s":{"a":0,"k":[100,100],"ix":3},"r":{"a":0,"k":0,"ix":6},"o":{"a":0,"k":100,"ix":7},"sk":{"a":0,"k":0,"ix":4},"sa":{"a":0,"k":0,"ix":5},"nm":"Transform"}],"nm":"Cloud","np":2,"cix":2,"ix":8,"mn":"ADBE Vector Group","hd":false}],"ip":0,"op":74.0000030140818,"st":0,"bm":0}],"markers":[]}